"Name","Self Time","Self Time (CPU)","Total Time","Total Time (CPU)","Invocations"
"som.Vector.forEach (som.ForEachInterface)","21,690 ms (24.1%)","21,090 ms (24.1%)","44,324 ms (5.6%)","43,152 ms (5.6%)","40,807,761"
"deltablue.EqualityConstraint.execute ()","11,237 ms (12.5%)","10,965 ms (12.5%)","11,237 ms (1.4%)","10,965 ms (1.4%)","249,600,000"
"deltablue.Planner.addPropagate (deltablue.AbstractConstraint, int)","6,754 ms (7.5%)","6,568 ms (7.5%)","22,659 ms (2.8%)","21,898 ms (2.8%)","14,400,440"
"deltablue.AbstractConstraint.satisfy (int, deltablue.Planner)","4,069 ms (4.5%)","3,958 ms (4.5%)","30,801 ms (3.9%)","29,770 ms (3.9%)","14,400,560"
"som.Vector.isEmpty ()","3,460 ms (3.8%)","3,305 ms (3.8%)","3,460 ms (0.4%)","3,305 ms (0.4%)","81,603,000"
"deltablue.BinaryConstraint.getOutput ()","3,085 ms (3.4%)","2,919 ms (3.3%)","3,085 ms (0.4%)","2,919 ms (0.4%)","74,400,720"
"som.Vector.removeFirst ()","2,783 ms (3.1%)","2,731 ms (3.1%)","4,183 ms (0.5%)","4,060 ms (0.5%)","33,601,080"
"som.Vector.append (Object)","2,700 ms (3%)","2,602 ms (3%)","2,736 ms (0.3%)","2,637 ms (0.3%)","60,001,928"
"deltablue.ScaleConstraint.execute ()","2,592 ms (2.9%)","2,497 ms (2.9%)","2,592 ms (0.3%)","2,497 ms (0.3%)","55,200,960"
"deltablue.Planner.makePlan (som.Vector)","2,471 ms (2.7%)","2,420 ms (2.8%)","8,142 ms (1%)","7,904 ms (1%)","200"
"deltablue.BinaryConstraint.isSatisfied ()","2,300 ms (2.6%)","2,273 ms (2.6%)","2,300 ms (0.3%)","2,273 ms (0.3%)","52,800,560"
"deltablue.Planner.addConstraintsConsumingTo (deltablue.Variable, som.Vector)","2,210 ms (2.5%)","2,142 ms (2.5%)","6,335 ms (0.8%)","6,147 ms (0.8%)","26,400,800"
"deltablue.Strength.weakest (deltablue.Strength)","1,951 ms (2.2%)","1,900 ms (2.2%)","2,924 ms (0.4%)","2,842 ms (0.4%)","24,000,240"
"deltablue.ScaleConstraint.recalculate ()","1,495 ms (1.7%)","1,484 ms (1.7%)","3,333 ms (0.4%)","3,257 ms (0.4%)","12,000,240"
"deltablue.BinaryConstraint.recalculate ()","1,461 ms (1.6%)","1,395 ms (1.6%)","3,275 ms (0.4%)","3,151 ms (0.4%)","12,000,000"
"deltablue.Variable.addConstraint (deltablue.AbstractConstraint)","1,431 ms (1.6%)","1,388 ms (1.6%)","2,225 ms (0.3%)","2,154 ms (0.3%)","16,800,240"
"deltablue.Planner.removePropagateFrom (deltablue.Variable)","1,317 ms (1.5%)","1,281 ms (1.5%)","9,720 ms (1.2%)","9,475 ms (1.2%)","200"
"deltablue.Planner.incrementalAdd (deltablue.AbstractConstraint)","1,250 ms (1.4%)","1,217 ms (1.4%)","32,371 ms (4.1%)","31,291 ms (4.1%)","7,200,360"
"som.Vector.with (Object)","1,277 ms (1.4%)","1,212 ms (1.4%)","1,901 ms (0.2%)","1,826 ms (0.2%)","14,400,840"
"deltablue.BinaryConstraint.chooseMethod (int)","1,257 ms (1.4%)","1,200 ms (1.4%)","1,975 ms (0.2%)","1,899 ms (0.2%)","12,000,080"
"som.Dictionary.at (som.Dictionary.CustomHash)","1,214 ms (1.3%)","1,178 ms (1.3%)","2,851 ms (0.4%)","2,743 ms (0.4%)","7,200,242"
"deltablue.Strength.weaker (deltablue.Strength)","1,188 ms (1.3%)","1,151 ms (1.3%)","1,188 ms (0.1%)","1,151 ms (0.1%)","28,800,240"
"deltablue.Planner.projectionTest (int)","1,083 ms (1.2%)","1,037 ms (1.2%)","39,856 ms (5%)","38,771 ms (5%)","40"
"deltablue.AbstractConstraint.addConstraint (deltablue.Planner)","980 ms (1.1%)","956 ms (1.1%)","32,031 ms (4%)","30,932 ms (4%)","7,200,240"
"deltablue.Strength.of (deltablue.Strength.Sym)","678 ms (0.8%)","641 ms (0.7%)","3,530 ms (0.4%)","3,385 ms (0.4%)","7,200,242"
"som.Dictionary.getBucket (int)","658 ms (0.7%)","629 ms (0.7%)","985 ms (0.1%)","940 ms (0.1%)","7,200,242"
"deltablue.Strength.stronger (deltablue.Strength)","611 ms (0.7%)","594 ms (0.7%)","611 ms (0.1%)","594 ms (0.1%)","14,400,440"
"deltablue.AbstractConstraint.inputsKnown (int)","612 ms (0.7%)","590 ms (0.7%)","1,031 ms (0.1%)","1,003 ms (0.1%)","7,200,280"
"deltablue.Planner.constraintsConsuming (deltablue.Variable, som.ForEachInterface)","602 ms (0.7%)","589 ms (0.7%)","5,482 ms (0.7%)","5,333 ms (0.7%)","7,200,280"
"deltablue.ScaleConstraint.addToGraph ()","541 ms (0.6%)","522 ms (0.6%)","1,845 ms (0.2%)","1,793 ms (0.2%)","2,400,000"
"deltablue.Variable.value (int)","466 ms (0.5%)","453 ms (0.5%)","671 ms (0.1%)","655 ms (0.1%)","4,800,080"
"deltablue.BinaryConstraint.inputsHasOne (som.TestInterface)","418 ms (0.5%)","412 ms (0.5%)","418 ms (0.1%)","412 ms (0.1%)","7,200,080"
"deltablue.BinaryConstraint.inputsDo (som.ForEachInterface)","383 ms (0.4%)","365 ms (0.4%)","383 ms (0%)","365 ms (0%)","9,600,000"
"deltablue.Strength.absoluteWeakest ()","347 ms (0.4%)","325 ms (0.4%)","347 ms (0%)","325 ms (0%)","7,140,319"
"som.IdentityDictionary$IdEntry.match (int, Object)","326 ms (0.4%)","324 ms (0.4%)","326 ms (0%)","324 ms (0%)","7,200,242"
"som.Dictionary.getBucketIdx (int)","327 ms (0.4%)","310 ms (0.4%)","327 ms (0%)","310 ms (0%)","7,200,266"
"deltablue.Planner.newMark ()","318 ms (0.4%)","302 ms (0.3%)","318 ms (0%)","302 ms (0%)","7,200,560"
"som.Dictionary.hash (som.Dictionary.CustomHash)","325 ms (0.4%)","300 ms (0.3%)","325 ms (0%)","300 ms (0%)","7,200,266"
"deltablue.BinaryConstraint.addToGraph ()","310 ms (0.3%)","294 ms (0.3%)","914 ms (0.1%)","868 ms (0.1%)","2,400,000"
"deltablue.BinaryConstraint.markUnsatisfied ()","289 ms (0.3%)","284 ms (0.3%)","289 ms (0%)","284 ms (0%)","7,200,080"
"deltablue.Planner.chainTest (int)","244 ms (0.3%)","238 ms (0.3%)","50,211 ms (6.3%)","48,566 ms (6.3%)","40"
"deltablue.UnaryConstraint.recalculate ()","220 ms (0.2%)","216 ms (0.2%)","327 ms (0%)","315 ms (0%)","2,400,360"
"deltablue.UnaryConstraint.addToGraph ()","212 ms (0.2%)","206 ms (0.2%)","529 ms (0.1%)","515 ms (0.1%)","2,400,240"
"deltablue.UnaryConstraint.chooseMethod (int)","216 ms (0.2%)","203 ms (0.2%)","325 ms (0%)","309 ms (0%)","2,400,480"
"som.Vector.at (int)","203 ms (0.2%)","202 ms (0.2%)","203 ms (0%)","202 ms (0%)","4,799,920"
"java.util.Arrays.setAll (Object[], java.util.function.IntFunction)","186 ms (0.2%)","165 ms (0.2%)","336 ms (0%)","295 ms (0%)","40"
"deltablue.ScaleConstraint.inputsDo (som.ForEachInterface)","109 ms (0.1%)","103 ms (0.1%)","109 ms (0%)","103 ms (0%)","2,400,080"
"deltablue.AbstractConstraint.isInput ()","106 ms (0.1%)","98.9 ms (0.1%)","106 ms (0%)","98.9 ms (0%)","2,400,160"
"java.util.Arrays.copyOf (Object[], int, Class)","24.8 ms (0%)","24.7 ms (0%)","25.2 ms (0%)","25.0 ms (0%)","5,373"
"Run.reportBenchmark ()","13.7 ms (0%)","13.2 ms (0%)","30.8 ms (0%)","27.4 ms (0%)","1"
"java.util.Arrays.copyOf (Object[], int)","10.8 ms (0%)","10.8 ms (0%)","35.9 ms (0%)","35.6 ms (0%)","7,882"
"java.lang.String.charAt (int)","9.78 ms (0%)","7.96 ms (0%)","15.2 ms (0%)","13.2 ms (0%)","28,088"
"som.Vector.remove (Object)","7.58 ms (0%)","7.55 ms (0%)","70.3 ms (0%)","70.0 ms (0%)","400"
"deltablue.Plan.execute ()","3.90 ms (0%)","3.80 ms (0%)","29,283 ms (3.7%)","28,514 ms (3.7%)","5,600"
"deltablue.Planner.change (deltablue.Variable, int)","3.22 ms (0%)","3.22 ms (0%)","23,581 ms (3%)","22,995 ms (3%)","160"
"deltablue.Planner.incrementalRemove (deltablue.AbstractConstraint)","3.0 ms (0%)","3.1 ms (0%)","14,373 ms (1.8%)","14,011 ms (1.8%)","200"
"java.lang.String.isLatin1 ()","2.83 ms (0%)","2.75 ms (0%)","2.83 ms (0%)","2.75 ms (0%)","31,295"
"java.lang.StringLatin1.charAt (byte[], int)","2.74 ms (0%)","2.67 ms (0%)","2.74 ms (0%)","2.67 ms (0%)","28,088"
"java.lang.ClassLoader.defineClass (String, byte[], int, int, java.security.ProtectionDomain)","2.80 ms (0%)","2.55 ms (0%)","6.8 ms (0%)","5.71 ms (0%)","38"
"deltablue.Planner.extractPlanFromConstraints (som.Vector)","1.94 ms (0%)","1.96 ms (0%)","8,145 ms (1%)","7,907 ms (1%)","200"
"deltablue.Strength.createStrengthConstants ()","1.43 ms (0%)","1.43 ms (0%)","2.79 ms (0%)","2.75 ms (0%)","1"
"Run.printResult (long)","1.43 ms (0%)","1.42 ms (0%)","5.44 ms (0%)","4.96 ms (0%)","40"
"java.util.concurrent.ConcurrentHashMap.get (Object)","1.9 ms (0%)","1.11 ms (0%)","1.75 ms (0%)","1.73 ms (0%)","758"
"java.lang.String.length ()","1.11 ms (0%)","1.6 ms (0%)","1.64 ms (0%)","1.57 ms (0%)","6,934"
"java.util.zip.Inflater.inflate (byte[], int, int)","0.836 ms (0%)","0.827 ms (0%)","0.977 ms (0%)","0.963 ms (0%)","107"
"Run.getSuiteFromName (String)","1.7 ms (0%)","0.827 ms (0%)","2.17 ms (0%)","1.84 ms (0%)","1"
"java.lang.String.hashCode ()","0.813 ms (0%)","0.740 ms (0%)","1.8 ms (0%)","0.996 ms (0%)","4,390"
"java.io.FileOutputStream.write (byte[], int, int)","1.18 ms (0%)","0.718 ms (0%)","1.19 ms (0%)","0.730 ms (0%)","44"
"java.lang.ClassLoader.findBootstrapClassOrNull (String)","0.670 ms (0%)","0.659 ms (0%)","0.864 ms (0%)","0.857 ms (0%)","52"
"java.lang.String.coder ()","0.581 ms (0%)","0.547 ms (0%)","0.581 ms (0%)","0.547 ms (0%)","10,146"
"deltablue.AbstractConstraint.destroyConstraint (deltablue.Planner)","0.684 ms (0%)","0.519 ms (0%)","14,409 ms (1.8%)","14,045 ms (1.8%)","200"
"java.lang.AbstractStringBuilder.append (String)","0.506 ms (0%)","0.498 ms (0%)","3.14 ms (0%)","3.8 ms (0%)","1,040"
"java.util.concurrent.ConcurrentHashMap.putVal (Object, Object, boolean)","0.498 ms (0%)","0.490 ms (0%)","1.0 ms (0%)","0.970 ms (0%)","242"
"Run.runBenchmark ()","0.509 ms (0%)","0.490 ms (0%)","90,110 ms (11.3%)","87,377 ms (11.3%)","1"
"java.lang.AbstractStringBuilder.putStringAt (int, String, int, int)","0.480 ms (0%)","0.475 ms (0%)","1.3 ms (0%)","1.1 ms (0%)","1,040"
"Run.printTotal ()","0.397 ms (0%)","0.396 ms (0%)","0.681 ms (0%)","0.668 ms (0%)","1"
"java.util.zip.ZipFile.getInputStream (java.util.zip.ZipEntry)","0.403 ms (0%)","0.393 ms (0%)","1.47 ms (0%)","1.40 ms (0%)","39"
"deltablue.Variable.removeConstraint (deltablue.AbstractConstraint)","1.0 ms (0%)","0.389 ms (0%)","71.3 ms (0%)","70.4 ms (0%)","400"
"sun.nio.cs.UTF_8$Encoder.encodeArrayLoop (java.nio.CharBuffer, java.nio.ByteBuffer)","0.397 ms (0%)","0.384 ms (0%)","0.726 ms (0%)","0.709 ms (0%)","44"
"jdk.internal.loader.URLClassPath$JarLoader.checkResource (String, boolean, java.util.jar.JarEntry)","0.384 ms (0%)","0.382 ms (0%)","4.25 ms (0%)","4.9 ms (0%)","38"
"java.lang.String.substring (int, int)","0.376 ms (0%)","0.377 ms (0%)","1.8 ms (0%)","1.6 ms (0%)","712"
"java.lang.String.indexOf (int, int)","1.0 ms (0%)","0.375 ms (0%)","1.77 ms (0%)","1.13 ms (0%)","923"
"java.lang.Math.min (int, int)","0.484 ms (0%)","0.374 ms (0%)","0.484 ms (0%)","0.374 ms (0%)","7,129"
"deltablue.UnaryConstraint.removeFromGraph ()","0.374 ms (0%)","0.367 ms (0%)","71.7 ms (0%)","70.8 ms (0%)","400"
"java.lang.StringLatin1.indexOf (byte[], int, int)","0.358 ms (0%)","0.358 ms (0%)","0.617 ms (0%)","0.613 ms (0%)","923"
"Run.measure (Benchmark)","0.343 ms (0%)","0.344 ms (0%)","90,077 ms (11.3%)","87,347 ms (11.3%)","40"
"DeltaBlue.innerBenchmarkLoop (int)","0.348 ms (0%)","0.341 ms (0%)","90,071 ms (11.3%)","87,342 ms (11.3%)","40"
"java.lang.AbstractStringBuilder.ensureCapacityInternal (int)","0.358 ms (0%)","0.326 ms (0%)","0.762 ms (0%)","0.719 ms (0%)","1,742"
"java.util.concurrent.ConcurrentHashMap.tabAt (java.util.concurrent.ConcurrentHashMap.Node[], int)","0.316 ms (0%)","0.308 ms (0%)","0.420 ms (0%)","0.405 ms (0%)","1,326"
"jdk.internal.loader.BuiltinClassLoader.loadClassOrNull (String, boolean)","0.314 ms (0%)","0.304 ms (0%)","24.9 ms (0%)","23.5 ms (0%)","86"
"som.Vector.sort (java.util.Comparator)","0.307 ms (0%)","0.300 ms (0%)","0.422 ms (0%)","0.409 ms (0%)","200"
"java.lang.ref.Cleaner.register (Object, Runnable)","0.298 ms (0%)","0.293 ms (0%)","0.546 ms (0%)","0.528 ms (0%)","71"
"java.lang.StringLatin1.newString (byte[], int, int)","0.293 ms (0%)","0.290 ms (0%)","0.637 ms (0%)","0.634 ms (0%)","1,151"
"java.lang.AbstractStringBuilder.putStringAt (int, String)","0.296 ms (0%)","0.288 ms (0%)","1.60 ms (0%)","1.58 ms (0%)","1,040"
"java.lang.AbstractStringBuilder.append (char)","0.270 ms (0%)","0.274 ms (0%)","0.456 ms (0%)","0.445 ms (0%)","574"
"java.lang.String.getBytes (byte[], int, int, byte, int)","0.271 ms (0%)","0.268 ms (0%)","0.344 ms (0%)","0.340 ms (0%)","1,040"
"java.util.Arrays.copyOfRange (byte[], int, int)","0.269 ms (0%)","0.267 ms (0%)","0.326 ms (0%)","0.320 ms (0%)","1,196"
"java.lang.StringLatin1.replace (byte[], char, char)","0.260 ms (0%)","0.260 ms (0%)","0.540 ms (0%)","0.532 ms (0%)","305"
"java.util.Objects.requireNonNull (Object)","0.307 ms (0%)","0.257 ms (0%)","0.307 ms (0%)","0.257 ms (0%)","2,270"
"java.util.zip.ZipFile.getZipEntry (String, int)","0.262 ms (0%)","0.256 ms (0%)","0.691 ms (0%)","0.676 ms (0%)","38"
"Harness.processArguments (String[])","0.262 ms (0%)","0.251 ms (0%)","14.6 ms (0%)","13.5 ms (0%)","1"
"java.lang.String.equals (Object)","0.271 ms (0%)","0.233 ms (0%)","0.371 ms (0%)","0.322 ms (0%)","1,587"
"java.nio.CharBuffer.wrap (char[], int, int)","0.228 ms (0%)","0.225 ms (0%)","0.391 ms (0%)","0.381 ms (0%)","44"
"java.io.PrintStream.println (String)","0.221 ms (0%)","0.219 ms (0%)","4.77 ms (0%)","4.22 ms (0%)","43"
"jdk.internal.loader.BuiltinClassLoader.defineClass (String, jdk.internal.loader.Resource)","0.235 ms (0%)","0.213 ms (0%)","14.8 ms (0%)","13.8 ms (0%)","38"
"java.util.zip.ZipFile$Source.getEntryPos (String, boolean)","0.209 ms (0%)","0.212 ms (0%)","0.842 ms (0%)","0.815 ms (0%)","39"
"java.io.RandomAccessFile.read (byte[], int, int)","0.212 ms (0%)","0.212 ms (0%)","0.212 ms (0%)","0.212 ms (0%)","78"
"java.lang.Class.getPackageName ()","0.209 ms (0%)","0.207 ms (0%)","0.584 ms (0%)","0.568 ms (0%)","195"
"Run.lambda$getSuiteFromName$2 ()","0.219 ms (0%)","0.205 ms (0%)","0.270 ms (0%)","0.255 ms (0%)","1"
"java.lang.StringLatin1.lastIndexOf (byte[], int, int)","0.197 ms (0%)","0.199 ms (0%)","0.254 ms (0%)","0.243 ms (0%)","368"
"java.lang.StringConcatHelper.simpleConcat (Object, Object)","0.207 ms (0%)","0.198 ms (0%)","0.776 ms (0%)","0.756 ms (0%)","60"
"java.util.Arrays.copyOf (byte[], int)","0.193 ms (0%)","0.194 ms (0%)","0.220 ms (0%)","0.219 ms (0%)","396"
"java.io.PrintStream.writeln (String)","0.202 ms (0%)","0.193 ms (0%)","4.52 ms (0%)","3.97 ms (0%)","43"
"java.util.concurrent.ConcurrentHashMap.computeIfAbsent (Object, java.util.function.Function)","0.192 ms (0%)","0.192 ms (0%)","0.552 ms (0%)","0.532 ms (0%)","58"
"java.io.BufferedWriter.write (String, int, int)","0.195 ms (0%)","0.192 ms (0%)","0.452 ms (0%)","0.441 ms (0%)","87"
"java.util.concurrent.ConcurrentHashMap.addCount (long, int)","0.216 ms (0%)","0.190 ms (0%)","0.319 ms (0%)","0.292 ms (0%)","273"
"java.lang.StringBuilder.append (String)","0.206 ms (0%)","0.188 ms (0%)","3.37 ms (0%)","3.29 ms (0%)","1,040"
"java.util.zip.InflaterInputStream.read (byte[], int, int)","0.197 ms (0%)","0.184 ms (0%)","2.70 ms (0%)","2.36 ms (0%)","68"
"java.lang.AbstractStringBuilder.append (int)","0.174 ms (0%)","0.181 ms (0%)","0.349 ms (0%)","0.333 ms (0%)","122"
"java.lang.StringConcatHelper.newArray (long)","0.181 ms (0%)","0.180 ms (0%)","0.400 ms (0%)","0.390 ms (0%)","365"
"java.lang.StringBuilder.toString ()","0.180 ms (0%)","0.173 ms (0%)","0.580 ms (0%)","0.574 ms (0%)","533"
"java.lang.System.getSecurityManager ()","0.171 ms (0%)","0.169 ms (0%)","0.252 ms (0%)","0.245 ms (0%)","551"
"java.lang.ClassLoader.checkName (String)","0.169 ms (0%)","0.169 ms (0%)","0.768 ms (0%)","0.752 ms (0%)","176"
"sun.net.www.ParseUtil.firstEncodeIndex (String)","0.164 ms (0%)","0.169 ms (0%)","0.496 ms (0%)","0.493 ms (0%)","38"
"deltablue.Strength.createStrengthTable ()","0.175 ms (0%)","0.167 ms (0%)","1.80 ms (0%)","1.78 ms (0%)","1"
"java.lang.String.replace (char, char)","0.199 ms (0%)","0.165 ms (0%)","0.787 ms (0%)","0.741 ms (0%)","305"
"java.lang.Class.getName ()","0.194 ms (0%)","0.165 ms (0%)","0.194 ms (0%)","0.165 ms (0%)","620"
"sun.net.util.URLUtil.urlNoFragString (java.net.URL)","0.167 ms (0%)","0.164 ms (0%)","1.4 ms (0%)","1.2 ms (0%)","38"
"jdk.internal.loader.URLClassPath$JarLoader$2.getBytes ()","0.165 ms (0%)","0.163 ms (0%)","3.77 ms (0%)","3.37 ms (0%)","38"
"java.lang.Class.getClassLoader ()","0.179 ms (0%)","0.162 ms (0%)","0.289 ms (0%)","0.271 ms (0%)","584"
"sun.net.www.protocol.jar.Handler.parseURL (java.net.URL, String, int, int)","0.165 ms (0%)","0.159 ms (0%)","2.49 ms (0%)","2.40 ms (0%)","38"
"java.lang.ref.ReferenceQueue.poll ()","0.415 ms (0%)","0.159 ms (0%)","0.442 ms (0%)","0.186 ms (0%)","873"
"java.lang.StringLatin1.regionMatchesCI (byte[], int, byte[], int, int)","0.165 ms (0%)","0.155 ms (0%)","0.567 ms (0%)","0.552 ms (0%)","114"
"java.nio.charset.CharsetEncoder.encode (java.nio.CharBuffer, java.nio.ByteBuffer, boolean)","0.154 ms (0%)","0.151 ms (0%)","1.3 ms (0%)","1.0 ms (0%)","44"
"java.lang.StringLatin1.hashCode (byte[])","0.149 ms (0%)","0.149 ms (0%)","0.149 ms (0%)","0.149 ms (0%)","830"
"java.lang.String.lastIndexOf (int, int)","0.145 ms (0%)","0.143 ms (0%)","0.466 ms (0%)","0.449 ms (0%)","368"
"java.lang.StringBuilder.append (char)","0.165 ms (0%)","0.143 ms (0%)","0.642 ms (0%)","0.611 ms (0%)","574"
"jdk.internal.loader.Resource.getBytes ()","0.149 ms (0%)","0.141 ms (0%)","3.59 ms (0%)","3.19 ms (0%)","38"
"java.lang.String.regionMatches (boolean, int, String, int, int)","0.132 ms (0%)","0.139 ms (0%)","0.797 ms (0%)","0.775 ms (0%)","114"
"java.lang.String.getChars (int, int, char[], int)","0.139 ms (0%)","0.135 ms (0%)","0.224 ms (0%)","0.217 ms (0%)","87"
"java.io.BufferedOutputStream.flushBuffer ()","0.138 ms (0%)","0.135 ms (0%)","1.33 ms (0%)","0.867 ms (0%)","88"
"java.util.WeakHashMap.put (Object, Object)","0.136 ms (0%)","0.133 ms (0%)","0.288 ms (0%)","0.275 ms (0%)","39"
"java.lang.ClassLoader.findLoadedClass (String)","0.132 ms (0%)","0.131 ms (0%)","0.584 ms (0%)","0.566 ms (0%)","86"
"java.net.URLStreamHandler.toExternalForm (java.net.URL)","0.131 ms (0%)","0.131 ms (0%)","0.799 ms (0%)","0.783 ms (0%)","38"
"jdk.internal.loader.BuiltinClassLoader.findClassOnClassPathOrNull (String)","0.139 ms (0%)","0.130 ms (0%)","21.9 ms (0%)","20.6 ms (0%)","38"
"java.lang.StringLatin1.indexOfChar (byte[], int, int, int)","0.130 ms (0%)","0.129 ms (0%)","0.130 ms (0%)","0.129 ms (0%)","885"
"java.lang.ClassLoader.checkCerts (String, java.security.CodeSource)","0.137 ms (0%)","0.129 ms (0%)","0.384 ms (0%)","0.365 ms (0%)","38"
"java.lang.String.startsWith (String, int)","0.122 ms (0%)","0.126 ms (0%)","0.238 ms (0%)","0.231 ms (0%)","207"
"java.lang.String.lastIndexOf (int)","0.129 ms (0%)","0.125 ms (0%)","0.761 ms (0%)","0.737 ms (0%)","330"
"java.util.Objects.equals (Object, Object)","0.134 ms (0%)","0.123 ms (0%)","0.191 ms (0%)","0.180 ms (0%)","891"
"jdk.internal.misc.Unsafe.allocateUninitializedArray (Class, int)","0.128 ms (0%)","0.121 ms (0%)","0.184 ms (0%)","0.178 ms (0%)","365"
"deltablue.Strength.<clinit> ()","0.132 ms (0%)","0.121 ms (0%)","5.28 ms (0%)","5.19 ms (0%)","1"
"java.lang.String.indexOf (int)","0.129 ms (0%)","0.120 ms (0%)","1.31 ms (0%)","0.672 ms (0%)","363"
"sun.nio.cs.StreamEncoder.implWrite (java.nio.CharBuffer)","0.120 ms (0%)","0.118 ms (0%)","1.17 ms (0%)","1.14 ms (0%)","44"
"sun.nio.cs.StreamEncoder.writeBytes ()","0.121 ms (0%)","0.118 ms (0%)","1.74 ms (0%)","1.26 ms (0%)","44"
"java.lang.StringLatin1.canEncode (int)","0.145 ms (0%)","0.115 ms (0%)","0.145 ms (0%)","0.115 ms (0%)","2,432"
"java.util.zip.ZipFile.getEntry (String)","0.117 ms (0%)","0.115 ms (0%)","1.65 ms (0%)","1.61 ms (0%)","38"
"sun.net.www.protocol.jar.Handler.parseContextSpec (java.net.URL, String)","0.115 ms (0%)","0.114 ms (0%)","0.897 ms (0%)","0.856 ms (0%)","38"
"som.IdentityDictionary.newEntry (som.Dictionary.CustomHash, Object, int)","0.114 ms (0%)","0.113 ms (0%)","0.114 ms (0%)","0.113 ms (0%)","16"
"java.lang.StringConcatHelper.mix (long, String)","0.113 ms (0%)","0.111 ms (0%)","0.205 ms (0%)","0.199 ms (0%)","172"
"java.util.WeakHashMap.remove (Object)","0.112 ms (0%)","0.111 ms (0%)","0.261 ms (0%)","0.252 ms (0%)","78"
"java.util.zip.ZipFile$ZipFileInputStream.initDataOffset ()","0.114 ms (0%)","0.108 ms (0%)","0.910 ms (0%)","0.624 ms (0%)","39"
"java.io.RandomAccessFile.seek (long)","0.367 ms (0%)","0.107 ms (0%)","0.367 ms (0%)","0.107 ms (0%)","78"
"jdk.internal.loader.BuiltinClassLoader.findLoadedModule (String)","0.105 ms (0%)","0.103 ms (0%)","0.711 ms (0%)","0.693 ms (0%)","86"
"java.util.concurrent.ConcurrentHashMap.replaceNode (Object, Object, Object)","0.104 ms (0%)","0.102 ms (0%)","0.224 ms (0%)","0.219 ms (0%)","68"
"java.lang.Character.toLowerCase (int)","0.101 ms (0%)","0.101 ms (0%)","0.237 ms (0%)","0.235 ms (0%)","228"
"java.io.PrintStream.write (byte[], int, int)","0.103 ms (0%)","0.101 ms (0%)","1.51 ms (0%)","1.4 ms (0%)","44"
"java.lang.CharacterDataLatin1.toLowerCase (int)","0.102 ms (0%)","0.099 ms (0%)","0.140 ms (0%)","0.138 ms (0%)","380"
"java.util.concurrent.ConcurrentHashMap.spread (int)","0.113 ms (0%)","0.098 ms (0%)","0.113 ms (0%)","0.098 ms (0%)","1,126"
"java.util.zip.ZipFile$ZipFileInputStream.read (byte[], int, int)","0.105 ms (0%)","0.097 ms (0%)","1.33 ms (0%)","1.2 ms (0%)","39"
"sun.nio.cs.UTF_8$Encoder.encodeLoop (java.nio.CharBuffer, java.nio.ByteBuffer)","0.102 ms (0%)","0.097 ms (0%)","0.858 ms (0%)","0.836 ms (0%)","44"
"java.lang.String.newStringUTF8NoRepl (byte[], int, int)","0.096 ms (0%)","0.095 ms (0%)","0.162 ms (0%)","0.161 ms (0%)","39"
"java.io.Writer.write (String)","0.098 ms (0%)","0.095 ms (0%)","0.567 ms (0%)","0.554 ms (0%)","87"
"java.lang.StringConcatHelper.prepend (long, byte[], String)","0.095 ms (0%)","0.093 ms (0%)","0.221 ms (0%)","0.218 ms (0%)","207"
"som.Vector.capacity ()","0.105 ms (0%)","0.093 ms (0%)","0.105 ms (0%)","0.093 ms (0%)","400"
"java.util.jar.JarFile.entryFor (String)","0.091 ms (0%)","0.092 ms (0%)","0.104 ms (0%)","0.104 ms (0%)","38"
"java.util.concurrent.ConcurrentHashMap.putIfAbsent (Object, Object)","0.089 ms (0%)","0.088 ms (0%)","1.13 ms (0%)","1.9 ms (0%)","242"
"java.util.zip.ZipUtils.LG (byte[], int)","0.094 ms (0%)","0.087 ms (0%)","0.147 ms (0%)","0.136 ms (0%)","347"
"sun.nio.cs.StreamEncoder.implWrite (char[], int, int)","0.091 ms (0%)","0.087 ms (0%)","1.66 ms (0%)","1.61 ms (0%)","44"
"java.net.URLStreamHandler.setURL (java.net.URL, String, String, int, String, String, String, String, String)","0.094 ms (0%)","0.086 ms (0%)","0.365 ms (0%)","0.352 ms (0%)","38"
"jdk.internal.ref.CleanerImpl.getCleanerImpl (java.lang.ref.Cleaner)","0.096 ms (0%)","0.086 ms (0%)","0.186 ms (0%)","0.171 ms (0%)","142"
"java.security.SecureClassLoader.getProtectionDomain (java.security.CodeSource)","0.091 ms (0%)","0.086 ms (0%)","0.367 ms (0%)","0.359 ms (0%)","38"
"jdk.internal.loader.ClassLoaders$AppClassLoader.loadClass (String, boolean)","0.093 ms (0%)","0.085 ms (0%)","25.2 ms (0%)","23.8 ms (0%)","48"
"java.util.ArrayList.grow (int)","0.086 ms (0%)","0.085 ms (0%)","0.161 ms (0%)","0.158 ms (0%)","56"
"java.lang.StringBuilder.append (int)","0.090 ms (0%)","0.084 ms (0%)","0.445 ms (0%)","0.422 ms (0%)","122"
"java.lang.CharacterDataLatin1.toUpperCase (int)","0.083 ms (0%)","0.084 ms (0%)","0.115 ms (0%)","0.114 ms (0%)","232"
"sun.nio.cs.StreamEncoder.write (char[], int, int)","0.087 ms (0%)","0.084 ms (0%)","1.76 ms (0%)","1.71 ms (0%)","44"
"java.lang.ClassLoader.postDefineClass (Class, java.security.ProtectionDomain)","0.103 ms (0%)","0.083 ms (0%)","0.575 ms (0%)","0.540 ms (0%)","38"
"java.util.zip.ZipFile$ZipFileInflaterInputStream.close ()","0.088 ms (0%)","0.081 ms (0%)","0.668 ms (0%)","0.629 ms (0%)","39"
"java.lang.Math.max (int, int)","0.100 ms (0%)","0.080 ms (0%)","0.100 ms (0%)","0.080 ms (0%)","816"
"java.util.ArrayList.add (Object)","0.089 ms (0%)","0.078 ms (0%)","0.358 ms (0%)","0.331 ms (0%)","137"
"java.lang.AbstractStringBuilder.newCapacity (int)","0.082 ms (0%)","0.078 ms (0%)","0.171 ms (0%)","0.167 ms (0%)","330"
"java.lang.AbstractStringBuilder.isLatin1 ()","0.078 ms (0%)","0.077 ms (0%)","0.078 ms (0%)","0.077 ms (0%)","1,229"
"sun.nio.cs.UTF_8.updatePositions (java.nio.Buffer, int, java.nio.Buffer, int)","0.076 ms (0%)","0.076 ms (0%)","0.160 ms (0%)","0.157 ms (0%)","44"
"deltablue.UnaryConstraint.markUnsatisfied ()","0.081 ms (0%)","0.076 ms (0%)","0.081 ms (0%)","0.076 ms (0%)","320"
"java.lang.AbstractStringBuilder.getCoder ()","0.076 ms (0%)","0.074 ms (0%)","0.076 ms (0%)","0.074 ms (0%)","1,040"
"java.util.zip.ZipFile$Source.readFullyAt (byte[], int, int, long)","0.085 ms (0%)","0.074 ms (0%)","0.706 ms (0%)","0.435 ms (0%)","39"
"java.lang.ClassLoader.preDefineClass (String, java.security.ProtectionDomain)","0.077 ms (0%)","0.074 ms (0%)","0.685 ms (0%)","0.662 ms (0%)","38"
"java.lang.StringCoding.implEncodeAsciiArray (char[], int, byte[], int, int)","0.074 ms (0%)","0.074 ms (0%)","0.074 ms (0%)","0.074 ms (0%)","44"
"jdk.internal.loader.URLClassPath$JarLoader.getResource (String, boolean)","0.077 ms (0%)","0.072 ms (0%)","6.16 ms (0%)","5.95 ms (0%)","38"
"java.util.ArrayList.get (int)","0.076 ms (0%)","0.072 ms (0%)","0.130 ms (0%)","0.122 ms (0%)","57"
"jdk.internal.loader.URLClassPath.getResource (String, boolean)","0.078 ms (0%)","0.071 ms (0%)","6.41 ms (0%)","6.18 ms (0%)","38"
"java.lang.StringLatin1.equals (byte[], byte[])","0.079 ms (0%)","0.070 ms (0%)","0.079 ms (0%)","0.070 ms (0%)","271"
"java.io.BufferedWriter.flushBuffer ()","0.070 ms (0%)","0.070 ms (0%)","1.90 ms (0%)","1.85 ms (0%)","44"
"java.net.URL.isBuiltinStreamHandler (java.net.URLStreamHandler)","0.070 ms (0%)","0.069 ms (0%)","0.173 ms (0%)","0.171 ms (0%)","38"
"java.util.jar.JarFile.getManifestFromReference ()","0.074 ms (0%)","0.069 ms (0%)","0.715 ms (0%)","0.660 ms (0%)","22"
"java.lang.StringLatin1.toLowerCase (String, byte[], java.util.Locale)","0.068 ms (0%)","0.069 ms (0%)","0.138 ms (0%)","0.137 ms (0%)","76"
"java.lang.ClassLoader.getClassLoadingLock (String)","0.071 ms (0%)","0.067 ms (0%)","0.659 ms (0%)","0.632 ms (0%)","86"
"java.util.concurrent.ConcurrentHashMap.casTabAt (java.util.concurrent.ConcurrentHashMap.Node[], int, java.util.concurrent.ConcurrentHashMap.Node, java.util.concurrent.ConcurrentHashMap.Node)","0.063 ms (0%)","0.067 ms (0%)","0.063 ms (0%)","0.067 ms (0%)","133"
"java.util.zip.ZipFile$ZipFileInflaterInputStream.fill ()","0.072 ms (0%)","0.066 ms (0%)","1.43 ms (0%)","1.12 ms (0%)","39"
"deltablue.Strength.sameAs (deltablue.Strength)","0.070 ms (0%)","0.066 ms (0%)","0.070 ms (0%)","0.066 ms (0%)","120"
"jdk.internal.misc.Unsafe.getReferenceAcquire (Object, long)","0.066 ms (0%)","0.064 ms (0%)","0.066 ms (0%)","0.064 ms (0%)","880"
"java.io.RandomAccessFile.readFully (byte[], int, int)","0.066 ms (0%)","0.064 ms (0%)","0.253 ms (0%)","0.252 ms (0%)","39"
"java.lang.String.getBytes (byte[], int, byte)","0.063 ms (0%)","0.062 ms (0%)","0.077 ms (0%)","0.077 ms (0%)","250"
"jdk.internal.util.ArraysSupport.newLength (int, int, int)","0.061 ms (0%)","0.062 ms (0%)","0.079 ms (0%)","0.078 ms (0%)","343"
"java.io.BufferedOutputStream.flush ()","0.066 ms (0%)","0.062 ms (0%)","1.40 ms (0%)","0.931 ms (0%)","88"
"Run.doRuns (Benchmark)","0.061 ms (0%)","0.061 ms (0%)","90,077 ms (11.3%)","87,347 ms (11.3%)","1"
"java.lang.String.startsWith (String)","0.066 ms (0%)","0.060 ms (0%)","0.332 ms (0%)","0.324 ms (0%)","207"
"sun.net.www.protocol.jar.Handler.canonicalizeString (String, int)","0.063 ms (0%)","0.060 ms (0%)","0.256 ms (0%)","0.248 ms (0%)","38"
"java.lang.Integer.getChars (int, int, byte[])","0.060 ms (0%)","0.060 ms (0%)","0.060 ms (0%)","0.060 ms (0%)","123"
"sun.nio.cs.StreamEncoder.flushBuffer ()","0.061 ms (0%)","0.060 ms (0%)","1.85 ms (0%)","1.37 ms (0%)","44"
"java.lang.ClassLoader.defineClassSourceLocation (java.security.ProtectionDomain)","0.063 ms (0%)","0.059 ms (0%)","0.952 ms (0%)","0.926 ms (0%)","38"
"java.util.ArrayList.add (Object, Object[], int)","0.069 ms (0%)","0.058 ms (0%)","0.260 ms (0%)","0.246 ms (0%)","137"
"java.util.zip.ZipUtils.SH (byte[], int)","0.056 ms (0%)","0.057 ms (0%)","0.056 ms (0%)","0.057 ms (0%)","1,078"
"jdk.internal.loader.URLClassPath.getLoader (int)","0.058 ms (0%)","0.056 ms (0%)","0.156 ms (0%)","0.146 ms (0%)","38"
"java.lang.String.toLowerCase ()","0.059 ms (0%)","0.056 ms (0%)","0.278 ms (0%)","0.267 ms (0%)","76"
"jdk.internal.loader.BuiltinClassLoader.definePackage (String, java.util.jar.Manifest, java.net.URL)","0.058 ms (0%)","0.056 ms (0%)","0.262 ms (0%)","0.252 ms (0%)","2"
"som.Vector.size ()","0.060 ms (0%)","0.056 ms (0%)","0.060 ms (0%)","0.056 ms (0%)","200"
"java.net.URLStreamHandler.setURL (java.net.URL, String, String, int, String, String)","0.059 ms (0%)","0.055 ms (0%)","0.531 ms (0%)","0.513 ms (0%)","38"
"java.lang.String.checkBoundsBeginEnd (int, int, int)","0.056 ms (0%)","0.055 ms (0%)","0.056 ms (0%)","0.055 ms (0%)","799"
"jdk.internal.loader.URLClassPath$JarLoader$2.getManifest ()","0.071 ms (0%)","0.055 ms (0%)","0.882 ms (0%)","0.808 ms (0%)","22"
"java.lang.ClassLoader.getDefinedPackage (String)","0.059 ms (0%)","0.055 ms (0%)","0.222 ms (0%)","0.216 ms (0%)","22"
"java.lang.Class.privateGetDeclaredConstructors (boolean)","0.057 ms (0%)","0.054 ms (0%)","0.139 ms (0%)","0.135 ms (0%)","6"
"jdk.internal.loader.BuiltinClassLoader.getAndVerifyPackage (String, java.util.jar.Manifest, java.net.URL)","0.059 ms (0%)","0.054 ms (0%)","0.651 ms (0%)","0.642 ms (0%)","22"
"java.lang.System.allowSecurityManager ()","0.056 ms (0%)","0.053 ms (0%)","0.056 ms (0%)","0.053 ms (0%)","551"
"java.lang.Throwable.fillInStackTrace ()","0.053 ms (0%)","0.053 ms (0%)","0.053 ms (0%)","0.053 ms (0%)","4"
"java.util.jar.Attributes.read (java.util.jar.Manifest.FastInputStream, byte[], String, int)","0.060 ms (0%)","0.053 ms (0%)","0.474 ms (0%)","0.427 ms (0%)","1"
"jdk.internal.loader.BuiltinClassLoader.loadClass (String, boolean)","0.053 ms (0%)","0.052 ms (0%)","24.9 ms (0%)","23.6 ms (0%)","48"
"java.util.zip.ZipUtils.CENNAM (byte[], int)","0.054 ms (0%)","0.052 ms (0%)","0.074 ms (0%)","0.072 ms (0%)","77"
"java.util.zip.ZipFile$CleanableResource.getInflater ()","0.054 ms (0%)","0.052 ms (0%)","0.162 ms (0%)","0.154 ms (0%)","39"
"java.io.BufferedWriter.newLine ()","0.053 ms (0%)","0.052 ms (0%)","0.208 ms (0%)","0.205 ms (0%)","44"
"java.io.OutputStreamWriter.write (char[], int, int)","0.056 ms (0%)","0.052 ms (0%)","1.82 ms (0%)","1.77 ms (0%)","44"
"deltablue.EditConstraint.isInput ()","0.063 ms (0%)","0.052 ms (0%)","0.063 ms (0%)","0.052 ms (0%)","400"
"java.lang.CharacterDataLatin1.getProperties (int)","0.052 ms (0%)","0.051 ms (0%)","0.052 ms (0%)","0.051 ms (0%)","612"
"java.util.Collections$SetFromMap.add (Object)","0.055 ms (0%)","0.051 ms (0%)","0.353 ms (0%)","0.336 ms (0%)","39"
"som.Vector.sort (int, int, java.util.Comparator)","0.054 ms (0%)","0.051 ms (0%)","0.054 ms (0%)","0.051 ms (0%)","120"
"java.util.ArrayDeque.pollFirst ()","0.051 ms (0%)","0.050 ms (0%)","0.068 ms (0%)","0.066 ms (0%)","39"
"java.util.jar.JarFile.getEntry (String)","0.053 ms (0%)","0.050 ms (0%)","1.77 ms (0%)","1.72 ms (0%)","38"
"java.util.WeakHashMap.expungeStaleEntries ()","0.053 ms (0%)","0.050 ms (0%)","0.073 ms (0%)","0.070 ms (0%)","117"
"java.lang.String.concat (String)","0.052 ms (0%)","0.049 ms (0%)","0.850 ms (0%)","0.828 ms (0%)","60"
"java.security.SecureClassLoader.defineClass (String, byte[], int, int, java.security.CodeSource)","0.056 ms (0%)","0.048 ms (0%)","6.50 ms (0%)","6.12 ms (0%)","38"
"java.util.Collections$SetFromMap.remove (Object)","0.057 ms (0%)","0.048 ms (0%)","0.336 ms (0%)","0.318 ms (0%)","78"
"jdk.internal.ref.PhantomCleanable.clean ()","0.054 ms (0%)","0.048 ms (0%)","0.354 ms (0%)","0.332 ms (0%)","39"
"java.lang.ClassLoader.definePackage (String, String, String, String, String, String, String, java.net.URL)","0.048 ms (0%)","0.048 ms (0%)","0.062 ms (0%)","0.061 ms (0%)","2"
"java.lang.reflect.Modifier.isStatic (int)","0.059 ms (0%)","0.047 ms (0%)","0.059 ms (0%)","0.047 ms (0%)","341"
"java.util.jar.JarFile.getInputStream (java.util.zip.ZipEntry)","0.053 ms (0%)","0.046 ms (0%)","1.45 ms (0%)","1.38 ms (0%)","38"
"java.nio.ByteBuffer.clear ()","0.047 ms (0%)","0.046 ms (0%)","0.056 ms (0%)","0.054 ms (0%)","44"
"java.util.zip.ZipCoder.hash (String)","0.046 ms (0%)","0.045 ms (0%)","0.148 ms (0%)","0.145 ms (0%)","39"
"java.util.zip.ZipFile$CleanableResource.releaseInflater (java.util.zip.Inflater)","0.051 ms (0%)","0.045 ms (0%)","0.184 ms (0%)","0.175 ms (0%)","39"
"java.util.HashMap.getNode (Object)","0.048 ms (0%)","0.045 ms (0%)","0.081 ms (0%)","0.079 ms (0%)","73"
"java.lang.Module.implIsExportedOrOpen (String, Module, boolean)","0.048 ms (0%)","0.045 ms (0%)","0.187 ms (0%)","0.183 ms (0%)","16"
"java.lang.System$2.encodeASCII (char[], int, byte[], int, int)","0.044 ms (0%)","0.045 ms (0%)","0.119 ms (0%)","0.120 ms (0%)","44"
"java.util.concurrent.ConcurrentHashMap.transfer (java.util.concurrent.ConcurrentHashMap.Node[], java.util.concurrent.ConcurrentHashMap.Node[])","0.043 ms (0%)","0.044 ms (0%)","0.069 ms (0%)","0.069 ms (0%)","1"
"java.lang.Module.isStaticallyExportedOrOpen (String, Module, boolean)","0.044 ms (0%)","0.044 ms (0%)","0.125 ms (0%)","0.123 ms (0%)","16"
"java.util.jar.JarFile.isMultiRelease ()","0.044 ms (0%)","0.043 ms (0%)","0.064 ms (0%)","0.063 ms (0%)","76"
"java.lang.ref.Cleaner$1.apply (Object)","0.044 ms (0%)","0.043 ms (0%)","0.063 ms (0%)","0.062 ms (0%)","142"
"java.lang.Class.newReflectionData (java.lang.ref.SoftReference, int)","0.043 ms (0%)","0.043 ms (0%)","0.056 ms (0%)","0.056 ms (0%)","6"
"som.Dictionary.atPut (som.Dictionary.CustomHash, Object)","0.047 ms (0%)","0.043 ms (0%)","0.182 ms (0%)","0.178 ms (0%)","16"
"java.util.zip.ZipUtils.getBufferArray (java.nio.ByteBuffer)","0.040 ms (0%)","0.042 ms (0%)","0.040 ms (0%)","0.042 ms (0%)","39"
"java.util.ArrayList.grow ()","0.043 ms (0%)","0.042 ms (0%)","0.186 ms (0%)","0.184 ms (0%)","47"
"java.lang.Class.copyConstructors (java.lang.reflect.Constructor[])","0.045 ms (0%)","0.042 ms (0%)","0.117 ms (0%)","0.111 ms (0%)","6"
"java.lang.String.indexOf (String, int)","0.045 ms (0%)","0.041 ms (0%)","0.156 ms (0%)","0.152 ms (0%)","38"
"java.util.zip.Inflater.ensureOpen ()","0.040 ms (0%)","0.041 ms (0%)","0.040 ms (0%)","0.041 ms (0%)","146"
"java.nio.CharBuffer.position (int)","0.040 ms (0%)","0.041 ms (0%)","0.092 ms (0%)","0.090 ms (0%)","88"
"java.nio.CharBuffer.limit (int)","0.045 ms (0%)","0.041 ms (0%)","0.053 ms (0%)","0.048 ms (0%)","44"
"java.lang.String.indexOf (byte[], byte, int, String, int)","0.041 ms (0%)","0.040 ms (0%)","0.088 ms (0%)","0.087 ms (0%)","38"
"jdk.internal.loader.URLClassPath$JarLoader$2.getInputStream ()","0.044 ms (0%)","0.040 ms (0%)","1.50 ms (0%)","1.42 ms (0%)","38"
"java.util.WeakHashMap.getTable ()","0.045 ms (0%)","0.040 ms (0%)","0.131 ms (0%)","0.123 ms (0%)","117"
"java.lang.String.toLowerCase (java.util.Locale)","0.043 ms (0%)","0.039 ms (0%)","0.194 ms (0%)","0.190 ms (0%)","76"
"java.lang.Integer.stringSize (int)","0.040 ms (0%)","0.039 ms (0%)","0.040 ms (0%)","0.039 ms (0%)","123"
"java.nio.CharBuffer.limit (int)","0.041 ms (0%)","0.039 ms (0%)","0.097 ms (0%)","0.090 ms (0%)","44"
"jdk.internal.loader.BuiltinClassLoader.isSealed (String, java.util.jar.Manifest)","0.039 ms (0%)","0.039 ms (0%)","0.324 ms (0%)","0.324 ms (0%)","20"
"java.util.jar.Attributes$Name.of (String)","0.042 ms (0%)","0.038 ms (0%)","0.124 ms (0%)","0.116 ms (0%)","3"
"som.Dictionary.getKeys ()","0.039 ms (0%)","0.038 ms (0%)","0.045 ms (0%)","0.044 ms (0%)","1"
"jdk.internal.loader.BuiltinClassLoader.loadClassOrNull (String)","0.042 ms (0%)","0.037 ms (0%)","1.28 ms (0%)","1.27 ms (0%)","86"
"jdk.internal.misc.Unsafe.allocateUninitializedArray0 (Class, int)","0.041 ms (0%)","0.037 ms (0%)","0.041 ms (0%)","0.037 ms (0%)","323"
"java.util.zip.ZipCoder$UTF8ZipCoder.toString (byte[], int, int)","0.038 ms (0%)","0.037 ms (0%)","0.245 ms (0%)","0.241 ms (0%)","39"
"java.util.zip.ZipFile$ZipFileInputStream.close ()","0.042 ms (0%)","0.037 ms (0%)","0.208 ms (0%)","0.196 ms (0%)","78"
"java.util.zip.ZipFile$Source.zipCoderForPos (int)","0.038 ms (0%)","0.036 ms (0%)","0.051 ms (0%)","0.048 ms (0%)","77"
"jdk.internal.loader.Resource.getByteBuffer ()","0.039 ms (0%)","0.036 ms (0%)","1.59 ms (0%)","1.50 ms (0%)","38"
"java.util.concurrent.ConcurrentHashMap.setTabAt (java.util.concurrent.ConcurrentHashMap.Node[], int, java.util.concurrent.ConcurrentHashMap.Node)","0.037 ms (0%)","0.036 ms (0%)","0.052 ms (0%)","0.051 ms (0%)","65"
"java.lang.StringConcatHelper.stringOf (Object)","0.036 ms (0%)","0.035 ms (0%)","0.036 ms (0%)","0.035 ms (0%)","162"
"jdk.internal.loader.ClassLoaders$BootClassLoader.loadClassOrNull (String, boolean)","0.038 ms (0%)","0.034 ms (0%)","0.634 ms (0%)","0.621 ms (0%)","48"
"java.util.concurrent.ConcurrentHashMap.remove (Object)","0.037 ms (0%)","0.034 ms (0%)","0.246 ms (0%)","0.239 ms (0%)","64"
"java.net.URL.getDefaultPort ()","0.036 ms (0%)","0.034 ms (0%)","0.043 ms (0%)","0.041 ms (0%)","38"
"java.nio.CharBuffer.position (int)","0.038 ms (0%)","0.034 ms (0%)","0.045 ms (0%)","0.042 ms (0%)","88"
"java.lang.String.isEmpty ()","0.035 ms (0%)","0.033 ms (0%)","0.035 ms (0%)","0.033 ms (0%)","524"
"java.util.WeakHashMap.hash (Object)","0.034 ms (0%)","0.033 ms (0%)","0.034 ms (0%)","0.033 ms (0%)","117"
"java.net.URL.toExternalForm ()","0.034 ms (0%)","0.033 ms (0%)","0.836 ms (0%)","0.819 ms (0%)","38"
"java.lang.reflect.Constructor.setAccessible (boolean)","0.035 ms (0%)","0.033 ms (0%)","0.121 ms (0%)","0.112 ms (0%)","6"
"java.util.HashMap.putVal (int, Object, Object, boolean, boolean)","0.042 ms (0%)","0.033 ms (0%)","0.110 ms (0%)","0.095 ms (0%)","3"
"java.util.zip.Inflater.reset ()","0.031 ms (0%)","0.032 ms (0%)","0.042 ms (0%)","0.042 ms (0%)","39"
"java.net.URL.toString ()","0.036 ms (0%)","0.032 ms (0%)","0.882 ms (0%)","0.860 ms (0%)","38"
"java.lang.Class.getDeclaredConstructors ()","0.037 ms (0%)","0.032 ms (0%)","0.303 ms (0%)","0.287 ms (0%)","6"
"java.lang.System$2.findBootstrapClassOrNull (String)","0.034 ms (0%)","0.031 ms (0%)","0.912 ms (0%)","0.897 ms (0%)","52"
"sun.net.util.IPAddressUtil.checkHostString (String)","0.035 ms (0%)","0.031 ms (0%)","0.065 ms (0%)","0.061 ms (0%)","38"
"jdk.internal.loader.Resource.cachedInputStream ()","0.035 ms (0%)","0.031 ms (0%)","1.54 ms (0%)","1.46 ms (0%)","76"
"java.util.zip.Inflater.needsInput ()","0.032 ms (0%)","0.031 ms (0%)","0.037 ms (0%)","0.035 ms (0%)","39"
"java.io.PrintStream.println ()","0.031 ms (0%)","0.031 ms (0%)","0.184 ms (0%)","0.171 ms (0%)","1"
"sun.nio.cs.StreamEncoder.implFlushBuffer ()","0.033 ms (0%)","0.031 ms (0%)","1.77 ms (0%)","1.29 ms (0%)","44"
"java.lang.ClassLoader.loadClass (String)","0.038 ms (0%)","0.030 ms (0%)","25.2 ms (0%)","23.8 ms (0%)","48"
"java.util.jar.JarFile.getJarEntry (String)","0.032 ms (0%)","0.030 ms (0%)","1.81 ms (0%)","1.76 ms (0%)","38"
"jdk.internal.loader.BuiltinClassLoader.defineOrCheckPackage (String, java.util.jar.Manifest, java.net.URL)","0.035 ms (0%)","0.030 ms (0%)","0.956 ms (0%)","0.931 ms (0%)","22"
"java.nio.ByteBuffer.position (int)","0.030 ms (0%)","0.030 ms (0%)","0.038 ms (0%)","0.038 ms (0%)","44"
"java.util.ArrayDeque.addLast (Object)","0.030 ms (0%)","0.030 ms (0%)","0.034 ms (0%)","0.034 ms (0%)","39"
"java.io.OutputStreamWriter.flushBuffer ()","0.031 ms (0%)","0.030 ms (0%)","1.88 ms (0%)","1.40 ms (0%)","44"
"java.util.jar.Manifest$FastInputStream.readLine (byte[], int, int)","0.030 ms (0%)","0.030 ms (0%)","0.092 ms (0%)","0.091 ms (0%)","5"
"java.lang.System$2.newStringUTF8NoRepl (byte[], int, int)","0.031 ms (0%)","0.029 ms (0%)","0.202 ms (0%)","0.199 ms (0%)","39"
"jdk.internal.misc.VM.isSystemDomainLoader (ClassLoader)","0.029 ms (0%)","0.029 ms (0%)","0.122 ms (0%)","0.118 ms (0%)","47"
"java.lang.StringLatin1.getChars (byte[], int, int, char[], int)","0.031 ms (0%)","0.029 ms (0%)","0.045 ms (0%)","0.044 ms (0%)","87"
"java.util.jar.JavaUtilJarAccessImpl.ensureInitialization (java.util.jar.JarFile)","0.033 ms (0%)","0.029 ms (0%)","0.058 ms (0%)","0.054 ms (0%)","22"
"jdk.internal.misc.VM.isModuleSystemInited ()","0.029 ms (0%)","0.028 ms (0%)","0.045 ms (0%)","0.044 ms (0%)","38"
"java.lang.StringUTF16.compress (char[], int, int)","0.029 ms (0%)","0.028 ms (0%)","0.060 ms (0%)","0.058 ms (0%)","27"
"sun.net.www.ParseUtil.encodePath (String, boolean)","0.031 ms (0%)","0.027 ms (0%)","0.536 ms (0%)","0.528 ms (0%)","38"
"sun.net.www.protocol.jar.Handler.indexOfBangSlash (String)","0.027 ms (0%)","0.027 ms (0%)","0.100 ms (0%)","0.098 ms (0%)","38"
"java.lang.StringLatin1.indexOf (byte[], int, byte[], int, int)","0.027 ms (0%)","0.027 ms (0%)","0.027 ms (0%)","0.027 ms (0%)","38"
"java.lang.ClassLoader.getNamedPackage (String, Module)","0.029 ms (0%)","0.027 ms (0%)","0.089 ms (0%)","0.086 ms (0%)","38"
"java.security.AccessController.executePrivileged (java.security.PrivilegedAction, java.security.AccessControlContext, Class)","0.030 ms (0%)","0.027 ms (0%)","0.511 ms (0%)","0.475 ms (0%)","6"
"java.lang.String.valueOf (Object)","0.028 ms (0%)","0.027 ms (0%)","0.028 ms (0%)","0.027 ms (0%)","43"
"java.util.concurrent.ConcurrentHashMap.resizeStamp (int)","0.027 ms (0%)","0.026 ms (0%)","0.028 ms (0%)","0.028 ms (0%)","2"
"java.lang.ref.ReferenceQueue.reallyPoll ()","0.027 ms (0%)","0.026 ms (0%)","0.027 ms (0%)","0.026 ms (0%)","64"
"java.util.zip.InflaterInputStream.close ()","0.026 ms (0%)","0.026 ms (0%)","0.031 ms (0%)","0.031 ms (0%)","39"
"java.util.ArrayDeque.add (Object)","0.029 ms (0%)","0.026 ms (0%)","0.069 ms (0%)","0.064 ms (0%)","39"
"java.util.HashMap.hash (Object)","0.027 ms (0%)","0.026 ms (0%)","0.028 ms (0%)","0.028 ms (0%)","54"
"deltablue.Strength.required ()","0.027 ms (0%)","0.026 ms (0%)","0.027 ms (0%)","0.026 ms (0%)","120"
"deltablue.Direction.<clinit> ()","0.026 ms (0%)","0.026 ms (0%)","0.026 ms (0%)","0.026 ms (0%)","1"
"java.security.AccessController.doPrivileged (java.security.PrivilegedAction)","0.028 ms (0%)","0.025 ms (0%)","0.542 ms (0%)","0.501 ms (0%)","6"
"jdk.internal.loader.URLClassPath$JarLoader$2.getCodeSigners ()","0.030 ms (0%)","0.025 ms (0%)","0.064 ms (0%)","0.058 ms (0%)","38"
"java.nio.ByteBuffer.flip ()","0.025 ms (0%)","0.025 ms (0%)","0.034 ms (0%)","0.033 ms (0%)","44"
"java.util.jar.Manifest.read (java.io.InputStream, String)","0.027 ms (0%)","0.025 ms (0%)","0.510 ms (0%)","0.462 ms (0%)","1"
"java.util.LinkedHashMap.newNode (int, Object, Object, java.util.HashMap.Node)","0.025 ms (0%)","0.025 ms (0%)","0.031 ms (0%)","0.030 ms (0%)","3"
"java.util.HashMap.get (Object)","0.027 ms (0%)","0.024 ms (0%)","0.086 ms (0%)","0.081 ms (0%)","39"
"java.lang.StringConcatHelper.newString (byte[], long)","0.024 ms (0%)","0.024 ms (0%)","0.024 ms (0%)","0.024 ms (0%)","103"
"jdk.internal.ref.CleanerImpl$PhantomCleanableRef.performCleanup ()","0.028 ms (0%)","0.024 ms (0%)","0.249 ms (0%)","0.232 ms (0%)","39"
"java.util.ArrayList.addAll (java.util.Collection)","0.025 ms (0%)","0.024 ms (0%)","0.047 ms (0%)","0.046 ms (0%)","5"
"java.util.ImmutableCollections$MapN.probe (Object)","0.024 ms (0%)","0.024 ms (0%)","0.034 ms (0%)","0.034 ms (0%)","3"
"java.lang.Package.isSealed ()","0.024 ms (0%)","0.024 ms (0%)","0.027 ms (0%)","0.027 ms (0%)","20"
"deltablue.UnaryConstraint.inputsHasOne (som.TestInterface)","0.027 ms (0%)","0.024 ms (0%)","0.027 ms (0%)","0.024 ms (0%)","200"
"java.lang.invoke.DirectMethodHandle$Special.<clinit> ()","0.027 ms (0%)","0.024 ms (0%)","0.045 ms (0%)","0.042 ms (0%)","1"
"java.util.Objects.checkIndex (int, int)","0.026 ms (0%)","0.023 ms (0%)","0.036 ms (0%)","0.033 ms (0%)","57"
"java.util.jar.JarFile$JarFileEntry.getCodeSigners ()","0.022 ms (0%)","0.023 ms (0%)","0.028 ms (0%)","0.027 ms (0%)","38"
"java.lang.invoke.InnerClassLambdaMetafactory$1.run ()","0.029 ms (0%)","0.023 ms (0%)","0.458 ms (0%)","0.427 ms (0%)","6"
"java.util.ImmutableCollections$MapN.get (Object)","0.026 ms (0%)","0.022 ms (0%)","0.061 ms (0%)","0.056 ms (0%)","3"
"java.util.jar.JavaUtilJarAccessImpl.entryFor (java.util.jar.JarFile, String)","0.023 ms (0%)","0.022 ms (0%)","0.134 ms (0%)","0.132 ms (0%)","38"
"java.util.zip.ZipFile$Source.readAt (byte[], int, int, long)","0.023 ms (0%)","0.022 ms (0%)","0.085 ms (0%)","0.084 ms (0%)","39"
"java.util.zip.ZipFile$InflaterCleanupAction.run ()","0.025 ms (0%)","0.022 ms (0%)","0.213 ms (0%)","0.201 ms (0%)","39"
"java.lang.Integer.parseInt (String, int)","0.025 ms (0%)","0.022 ms (0%)","0.071 ms (0%)","0.066 ms (0%)","2"
"java.util.zip.ZipUtils.CENLEN (byte[], int)","0.022 ms (0%)","0.021 ms (0%)","0.068 ms (0%)","0.067 ms (0%)","116"
"java.util.ArrayDeque.poll ()","0.025 ms (0%)","0.021 ms (0%)","0.101 ms (0%)","0.094 ms (0%)","39"
"java.lang.Thread.interrupted ()","0.021 ms (0%)","0.020 ms (0%)","0.021 ms (0%)","0.020 ms (0%)","38"
"java.lang.ref.Reference.refersTo (Object)","0.021 ms (0%)","0.020 ms (0%)","0.032 ms (0%)","0.030 ms (0%)","39"
"jdk.internal.reflect.ReflectionFactory.copyConstructor (java.lang.reflect.Constructor)","0.022 ms (0%)","0.020 ms (0%)","0.062 ms (0%)","0.059 ms (0%)","6"
"java.lang.reflect.Constructor.copy ()","0.020 ms (0%)","0.020 ms (0%)","0.020 ms (0%)","0.020 ms (0%)","6"
"java.lang.ref.Reference.clear ()","0.019 ms (0%)","0.019 ms (0%)","0.019 ms (0%)","0.019 ms (0%)","39"
"java.lang.Class.reflectionData ()","0.022 ms (0%)","0.019 ms (0%)","0.079 ms (0%)","0.077 ms (0%)","6"
"java.lang.reflect.Constructor.checkCanSetAccessible (Class)","0.022 ms (0%)","0.019 ms (0%)","0.064 ms (0%)","0.057 ms (0%)","6"
"java.util.jar.Manifest.getAttributes (String)","0.019 ms (0%)","0.019 ms (0%)","0.036 ms (0%)","0.036 ms (0%)","22"
"java.util.jar.Attributes.putValue (String, String)","0.023 ms (0%)","0.019 ms (0%)","0.300 ms (0%)","0.265 ms (0%)","3"
"java.lang.StringConcatHelper.checkOverflow (long)","0.019 ms (0%)","0.018 ms (0%)","0.019 ms (0%)","0.018 ms (0%)","216"
"java.net.URL.isBuiltinStreamHandler (String)","0.018 ms (0%)","0.018 ms (0%)","0.085 ms (0%)","0.084 ms (0%)","38"
"sun.net.util.IPAddressUtil.scan (String, long, long, char[])","0.018 ms (0%)","0.018 ms (0%)","0.025 ms (0%)","0.025 ms (0%)","38"
"java.util.jar.JarFile.maybeInstantiateVerifier ()","0.019 ms (0%)","0.018 ms (0%)","0.019 ms (0%)","0.018 ms (0%)","98"
"java.lang.ClassLoader.getBuiltinPlatformClassLoader ()","0.018 ms (0%)","0.018 ms (0%)","0.028 ms (0%)","0.028 ms (0%)","28"
"java.lang.ClassLoader.getPlatformClassLoader ()","0.021 ms (0%)","0.018 ms (0%)","0.083 ms (0%)","0.079 ms (0%)","28"
"java.lang.reflect.AccessibleObject.checkCanSetAccessible (Class, Class, boolean)","0.018 ms (0%)","0.018 ms (0%)","0.018 ms (0%)","0.018 ms (0%)","6"
"java.lang.Character.digit (int, int)","0.018 ms (0%)","0.018 ms (0%)","0.025 ms (0%)","0.025 ms (0%)","7"
"java.util.LinkedHashMap.afterNodeInsertion (boolean)","0.018 ms (0%)","0.018 ms (0%)","0.020 ms (0%)","0.020 ms (0%)","3"
"java.lang.StringUTF16.compress (char[], int, byte[], int, int)","0.019 ms (0%)","0.018 ms (0%)","0.019 ms (0%)","0.018 ms (0%)","27"
"java.lang.CharacterData.of (int)","0.017 ms (0%)","0.017 ms (0%)","0.017 ms (0%)","0.017 ms (0%)","235"
"java.util.WeakHashMap.maskNull (Object)","0.017 ms (0%)","0.017 ms (0%)","0.017 ms (0%)","0.017 ms (0%)","117"
"jdk.internal.loader.URLClassPath$JarLoader$2.getContentLength ()","0.017 ms (0%)","0.017 ms (0%)","0.017 ms (0%)","0.017 ms (0%)","38"
"java.security.CodeSource.getCertificates ()","0.019 ms (0%)","0.017 ms (0%)","0.019 ms (0%)","0.017 ms (0%)","76"
"java.lang.Module.isExported (String, Module)","0.020 ms (0%)","0.017 ms (0%)","0.216 ms (0%)","0.209 ms (0%)","16"
"java.io.BufferedWriter.ensureOpen ()","0.019 ms (0%)","0.017 ms (0%)","0.019 ms (0%)","0.017 ms (0%)","131"
"java.lang.ClassLoader.definePackage (String, Module)","0.018 ms (0%)","0.017 ms (0%)","0.076 ms (0%)","0.076 ms (0%)","20"
"java.util.jar.Manifest.getTrustedAttributes (String)","0.018 ms (0%)","0.017 ms (0%)","0.062 ms (0%)","0.061 ms (0%)","22"
"java.lang.Class.desiredAssertionStatus ()","0.017 ms (0%)","0.017 ms (0%)","0.017 ms (0%)","0.017 ms (0%)","1"
"java.util.zip.ZipFile.ensureOpen ()","0.016 ms (0%)","0.016 ms (0%)","0.016 ms (0%)","0.016 ms (0%)","77"
"java.lang.StringCoding.hasNegatives (byte[], int, int)","0.016 ms (0%)","0.016 ms (0%)","0.016 ms (0%)","0.016 ms (0%)","45"
"java.util.zip.ZipUtils.CENTIM (byte[], int)","0.016 ms (0%)","0.016 ms (0%)","0.044 ms (0%)","0.043 ms (0%)","38"
"sun.net.www.protocol.jar.Handler.checkNestedProtocol (String)","0.019 ms (0%)","0.016 ms (0%)","0.228 ms (0%)","0.220 ms (0%)","38"
"java.util.Objects.requireNonNull (Object, String)","0.017 ms (0%)","0.015 ms (0%)","0.017 ms (0%)","0.015 ms (0%)","300"
"java.util.zip.Inflater.setInput (byte[], int, int)","0.015 ms (0%)","0.015 ms (0%)","0.015 ms (0%)","0.015 ms (0%)","39"
"java.lang.invoke.InnerClassLambdaMetafactory$1.run ()","0.018 ms (0%)","0.015 ms (0%)","0.477 ms (0%)","0.443 ms (0%)","6"
"java.lang.reflect.ReflectAccess.copyConstructor (java.lang.reflect.Constructor)","0.016 ms (0%)","0.015 ms (0%)","0.039 ms (0%)","0.039 ms (0%)","6"
"java.nio.ByteBuffer.arrayOffset ()","0.015 ms (0%)","0.015 ms (0%)","0.015 ms (0%)","0.015 ms (0%)","176"
"java.util.jar.Manifest$FastInputStream.readLine (byte[])","0.019 ms (0%)","0.015 ms (0%)","0.111 ms (0%)","0.107 ms (0%)","5"
"java.util.HashMap.put (Object, Object)","0.018 ms (0%)","0.014 ms (0%)","0.137 ms (0%)","0.118 ms (0%)","3"
"java.util.zip.ZipUtils.CENSIZ (byte[], int)","0.014 ms (0%)","0.014 ms (0%)","0.049 ms (0%)","0.048 ms (0%)","77"
"java.net.URL.set (String, String, int, String, String, String, String, String)","0.014 ms (0%)","0.014 ms (0%)","0.014 ms (0%)","0.014 ms (0%)","38"
"java.nio.ByteBuffer.position (int)","0.016 ms (0%)","0.014 ms (0%)","0.021 ms (0%)","0.020 ms (0%)","83"
"java.util.ArrayList.toArray (Object[])","0.016 ms (0%)","0.014 ms (0%)","0.026 ms (0%)","0.023 ms (0%)","5"
"java.lang.reflect.AccessibleObject.checkCanSetAccessible (Class, Class)","0.018 ms (0%)","0.014 ms (0%)","0.039 ms (0%)","0.037 ms (0%)","6"
"java.lang.Character.digit (char, int)","0.017 ms (0%)","0.014 ms (0%)","0.043 ms (0%)","0.040 ms (0%)","7"
"java.lang.Module.allows (java.util.Set, Module)","0.015 ms (0%)","0.014 ms (0%)","0.029 ms (0%)","0.028 ms (0%)","16"
"java.util.jar.JarFile.ensureInitialization ()","0.014 ms (0%)","0.014 ms (0%)","0.019 ms (0%)","0.019 ms (0%)","22"
"java.util.jar.JavaUtilJarAccessImpl.getTrustedAttributes (java.util.jar.Manifest, String)","0.018 ms (0%)","0.014 ms (0%)","0.084 ms (0%)","0.079 ms (0%)","22"
"java.util.jar.Attributes.get (Object)","0.013 ms (0%)","0.013 ms (0%)","0.064 ms (0%)","0.063 ms (0%)","34"
"jdk.internal.misc.VM.initLevel ()","0.013 ms (0%)","0.013 ms (0%)","0.013 ms (0%)","0.013 ms (0%)","38"
"java.util.jar.JarFile.checkForSpecialAttributes ()","0.014 ms (0%)","0.013 ms (0%)","0.014 ms (0%)","0.013 ms (0%)","76"
"java.util.zip.ZipUtils.CENVEM_FA (byte[], int)","0.014 ms (0%)","0.013 ms (0%)","0.021 ms (0%)","0.019 ms (0%)","38"
"java.util.zip.ZipUtils.getBufferOffset (java.nio.ByteBuffer)","0.012 ms (0%)","0.013 ms (0%)","0.012 ms (0%)","0.013 ms (0%)","39"
"jdk.internal.misc.Unsafe.putReferenceRelease (Object, long, Object)","0.013 ms (0%)","0.013 ms (0%)","0.013 ms (0%)","0.013 ms (0%)","65"
"java.lang.reflect.Modifier.isProtected (int)","0.018 ms (0%)","0.013 ms (0%)","0.018 ms (0%)","0.013 ms (0%)","219"
"jdk.internal.ref.PhantomCleanable.remove ()","0.012 ms (0%)","0.012 ms (0%)","0.012 ms (0%)","0.012 ms (0%)","39"
"java.lang.reflect.Array.newInstance (Class, int)","0.013 ms (0%)","0.012 ms (0%)","0.013 ms (0%)","0.012 ms (0%)","39"
"java.lang.ref.SoftReference.get ()","0.017 ms (0%)","0.012 ms (0%)","0.017 ms (0%)","0.012 ms (0%)","139"
"java.lang.reflect.Modifier.isPublic (int)","0.020 ms (0%)","0.012 ms (0%)","0.020 ms (0%)","0.012 ms (0%)","174"
"java.nio.CharBuffer.hasArray ()","0.013 ms (0%)","0.012 ms (0%)","0.013 ms (0%)","0.012 ms (0%)","44"
"java.nio.CharBuffer.arrayOffset ()","0.013 ms (0%)","0.012 ms (0%)","0.013 ms (0%)","0.012 ms (0%)","132"
"java.io.BufferedOutputStream.write (byte[], int, int)","0.012 ms (0%)","0.012 ms (0%)","0.012 ms (0%)","0.012 ms (0%)","44"
"java.util.jar.Attributes$Name.hash (String)","0.012 ms (0%)","0.012 ms (0%)","0.021 ms (0%)","0.021 ms (0%)","1"
"java.lang.Integer.valueOf (String)","0.014 ms (0%)","0.011 ms (0%)","0.091 ms (0%)","0.082 ms (0%)","2"
"java.util.zip.ZipUtils.CENHOW (byte[], int)","0.011 ms (0%)","0.011 ms (0%)","0.014 ms (0%)","0.014 ms (0%)","77"
"java.util.zip.ZipUtils.CENCRC (byte[], int)","0.011 ms (0%)","0.011 ms (0%)","0.026 ms (0%)","0.026 ms (0%)","38"
"java.util.jar.Attributes.put (Object, Object)","0.015 ms (0%)","0.011 ms (0%)","0.152 ms (0%)","0.129 ms (0%)","3"
"java.util.zip.InflaterInputStream.ensureOpen ()","0.011 ms (0%)","0.011 ms (0%)","0.011 ms (0%)","0.011 ms (0%)","68"
"java.util.Locale.getDefault ()","0.011 ms (0%)","0.011 ms (0%)","0.011 ms (0%)","0.011 ms (0%)","76"
"java.io.PrintStream.ensureOpen ()","0.011 ms (0%)","0.011 ms (0%)","0.011 ms (0%)","0.011 ms (0%)","88"
"java.lang.StringLatin1.inflate (byte[], int, char[], int, int)","0.012 ms (0%)","0.011 ms (0%)","0.012 ms (0%)","0.011 ms (0%)","87"
"java.lang.System.lineSeparator ()","0.011 ms (0%)","0.011 ms (0%)","0.011 ms (0%)","0.011 ms (0%)","44"
"sun.nio.cs.StreamEncoder.ensureOpen ()","0.011 ms (0%)","0.011 ms (0%)","0.011 ms (0%)","0.011 ms (0%)","44"
"java.util.HashMap.resize ()","0.016 ms (0%)","0.011 ms (0%)","0.016 ms (0%)","0.011 ms (0%)","1"
"jdk.internal.loader.BuiltinClassLoader.hasClassPath ()","0.011 ms (0%)","0.010 ms (0%)","0.011 ms (0%)","0.010 ms (0%)","76"
"java.lang.StringConcatHelper.initialCoder ()","0.010 ms (0%)","0.010 ms (0%)","0.010 ms (0%)","0.010 ms (0%)","60"
"java.util.zip.ZipFile$Source.getEntryHash (int)","0.011 ms (0%)","0.010 ms (0%)","0.011 ms (0%)","0.010 ms (0%)","74"
"java.util.WeakHashMap.matchesKey (java.util.WeakHashMap.Entry, Object)","0.014 ms (0%)","0.010 ms (0%)","0.048 ms (0%)","0.044 ms (0%)","39"
"java.lang.Class$Atomic.casReflectionData (Class, java.lang.ref.SoftReference, java.lang.ref.SoftReference)","0.010 ms (0%)","0.010 ms (0%)","0.010 ms (0%)","0.010 ms (0%)","6"
"java.lang.reflect.AccessibleObject.checkPermission ()","0.010 ms (0%)","0.010 ms (0%)","0.014 ms (0%)","0.014 ms (0%)","6"
"java.io.PrintStream.newLine ()","0.011 ms (0%)","0.010 ms (0%)","0.153 ms (0%)","0.140 ms (0%)","1"
"java.nio.charset.CoderResult.isOverflow ()","0.010 ms (0%)","0.010 ms (0%)","0.010 ms (0%)","0.010 ms (0%)","44"
"java.nio.ByteBuffer.hasArray ()","0.010 ms (0%)","0.010 ms (0%)","0.010 ms (0%)","0.010 ms (0%)","44"
"java.nio.ByteBuffer.array ()","0.011 ms (0%)","0.010 ms (0%)","0.011 ms (0%)","0.010 ms (0%)","88"
"java.io.FileDescriptor$1.getAppend (java.io.FileDescriptor)","0.010 ms (0%)","0.010 ms (0%)","0.010 ms (0%)","0.010 ms (0%)","44"
"jdk.internal.access.SharedSecrets.javaUtilJarAccess ()","0.007 ms (0%)","0.010 ms (0%)","0.007 ms (0%)","0.010 ms (0%)","44"
"java.util.ImmutableCollections$ListN.toArray ()","0.010 ms (0%)","0.010 ms (0%)","0.012 ms (0%)","0.012 ms (0%)","5"
"java.util.jar.Attributes.getValue (java.util.jar.Attributes.Name)","0.010 ms (0%)","0.009 ms (0%)","0.082 ms (0%)","0.079 ms (0%)","34"
"java.lang.String.checkBoundsOffCount (int, int, int)","0.010 ms (0%)","0.009 ms (0%)","0.010 ms (0%)","0.009 ms (0%)","160"
"jdk.internal.loader.URLClassPath$JarLoader$2.getCodeSourceURL ()","0.009 ms (0%)","0.009 ms (0%)","0.009 ms (0%)","0.009 ms (0%)","38"
"java.util.zip.ZipUtils.CENOFF (byte[], int)","0.009 ms (0%)","0.009 ms (0%)","0.028 ms (0%)","0.025 ms (0%)","39"
"java.nio.Buffer.hasRemaining ()","0.009 ms (0%)","0.009 ms (0%)","0.009 ms (0%)","0.009 ms (0%)","83"
"java.util.zip.ZipUtils.LOCSIG (byte[])","0.009 ms (0%)","0.009 ms (0%)","0.038 ms (0%)","0.031 ms (0%)","39"
"java.util.zip.ZipUtils.LOCEXT (byte[])","0.016 ms (0%)","0.009 ms (0%)","0.018 ms (0%)","0.015 ms (0%)","39"
"java.lang.Integer.valueOf (int)","0.009 ms (0%)","0.009 ms (0%)","0.009 ms (0%)","0.009 ms (0%)","10"
"java.util.ArrayList.elementData (int)","0.008 ms (0%)","0.008 ms (0%)","0.008 ms (0%)","0.008 ms (0%)","57"
"jdk.internal.util.Preconditions.checkIndex (int, int, java.util.function.BiFunction)","0.008 ms (0%)","0.008 ms (0%)","0.008 ms (0%)","0.008 ms (0%)","44"
"jdk.internal.loader.URLClassPath$JarLoader.ensureOpen ()","0.008 ms (0%)","0.008 ms (0%)","0.008 ms (0%)","0.008 ms (0%)","38"
"java.util.HashMap.tableSizeFor (int)","0.009 ms (0%)","0.008 ms (0%)","0.012 ms (0%)","0.010 ms (0%)","1"
"java.lang.ref.Cleaner$1.apply (java.lang.ref.Cleaner)","0.008 ms (0%)","0.008 ms (0%)","0.008 ms (0%)","0.008 ms (0%)","142"
"java.lang.Module.isNamed ()","0.008 ms (0%)","0.008 ms (0%)","0.008 ms (0%)","0.008 ms (0%)","54"
"java.io.BufferedWriter.min (int, int)","0.010 ms (0%)","0.008 ms (0%)","0.010 ms (0%)","0.008 ms (0%)","87"
"java.nio.CharBuffer.array ()","0.009 ms (0%)","0.008 ms (0%)","0.009 ms (0%)","0.008 ms (0%)","44"
"sun.nio.cs.StreamEncoder.isOpen ()","0.009 ms (0%)","0.008 ms (0%)","0.009 ms (0%)","0.008 ms (0%)","44"
"java.util.LinkedHashMap.get (Object)","0.007 ms (0%)","0.007 ms (0%)","0.045 ms (0%)","0.045 ms (0%)","34"
"java.util.zip.ZipCoder$UTF8ZipCoder.isUTF8 ()","0.007 ms (0%)","0.007 ms (0%)","0.007 ms (0%)","0.007 ms (0%)","77"
"java.util.zip.ZipUtils.CENATX_PERMS (byte[], int)","0.009 ms (0%)","0.007 ms (0%)","0.011 ms (0%)","0.010 ms (0%)","38"
"jdk.internal.loader.ClassLoaders$AppClassLoader.defineOrCheckPackage (String, java.util.jar.Manifest, java.net.URL)","0.011 ms (0%)","0.007 ms (0%)","0.972 ms (0%)","0.942 ms (0%)","22"
"jdk.internal.ref.PhantomCleanable.insert ()","0.007 ms (0%)","0.007 ms (0%)","0.007 ms (0%)","0.007 ms (0%)","71"
"java.lang.ref.Reference.refersToImpl (Object)","0.007 ms (0%)","0.007 ms (0%)","0.007 ms (0%)","0.007 ms (0%)","39"
"java.lang.Class.getComponentType ()","0.008 ms (0%)","0.007 ms (0%)","0.008 ms (0%)","0.007 ms (0%)","59"
"java.util.jar.JarFile.getManifest ()","0.008 ms (0%)","0.006 ms (0%)","0.729 ms (0%)","0.672 ms (0%)","22"
"jdk.internal.ref.CleanerFactory.cleaner ()","0.008 ms (0%)","0.006 ms (0%)","0.008 ms (0%)","0.006 ms (0%)","71"
"java.nio.Buffer.position (int)","0.007 ms (0%)","0.006 ms (0%)","0.007 ms (0%)","0.006 ms (0%)","171"
"java.lang.CharacterDataLatin1.digit (int, int)","0.006 ms (0%)","0.006 ms (0%)","0.006 ms (0%)","0.006 ms (0%)","7"
"java.nio.Buffer.remaining ()","0.007 ms (0%)","0.006 ms (0%)","0.007 ms (0%)","0.006 ms (0%)","44"
"java.nio.Buffer.flip ()","0.007 ms (0%)","0.006 ms (0%)","0.007 ms (0%)","0.006 ms (0%)","44"
"java.nio.Buffer.clear ()","0.006 ms (0%)","0.006 ms (0%)","0.006 ms (0%)","0.006 ms (0%)","44"
"java.util.jar.Manifest$FastInputStream.fill ()","0.006 ms (0%)","0.006 ms (0%)","0.060 ms (0%)","0.060 ms (0%)","2"
"java.util.ArrayList.toArray ()","0.006 ms (0%)","0.006 ms (0%)","0.008 ms (0%)","0.007 ms (0%)","8"
"java.util.zip.ZipUtils.CENFLG (byte[], int)","0.006 ms (0%)","0.005 ms (0%)","0.008 ms (0%)","0.008 ms (0%)","38"
"java.lang.String.substring (int)","0.005 ms (0%)","0.005 ms (0%)","0.022 ms (0%)","0.021 ms (0%)","7"
"java.util.ArrayDeque.elementAt (Object[], int)","0.005 ms (0%)","0.005 ms (0%)","0.005 ms (0%)","0.005 ms (0%)","39"
"java.lang.invoke.ClassSpecializer$1.apply (Object)","0.005 ms (0%)","0.005 ms (0%)","0.005 ms (0%)","0.005 ms (0%)","4"
"java.util.zip.Inflater.needsDictionary ()","0.005 ms (0%)","0.005 ms (0%)","0.005 ms (0%)","0.005 ms (0%)","39"
"java.util.zip.Inflater.finished ()","0.005 ms (0%)","0.005 ms (0%)","0.005 ms (0%)","0.005 ms (0%)","40"
"java.nio.HeapByteBuffer.isDirect ()","0.005 ms (0%)","0.005 ms (0%)","0.005 ms (0%)","0.005 ms (0%)","39"
"java.util.zip.ZipFile.ensureOpenOrZipException ()","0.005 ms (0%)","0.005 ms (0%)","0.005 ms (0%)","0.005 ms (0%)","39"
"java.util.ImmutableCollections$Set12.contains (Object)","0.004 ms (0%)","0.005 ms (0%)","0.004 ms (0%)","0.005 ms (0%)","16"
"java.nio.charset.CoderResult.isUnderflow ()","0.006 ms (0%)","0.005 ms (0%)","0.006 ms (0%)","0.005 ms (0%)","88"
"java.util.LinkedHashMap.linkNodeLast (java.util.LinkedHashMap.Entry)","0.005 ms (0%)","0.005 ms (0%)","0.005 ms (0%)","0.005 ms (0%)","3"
"java.util.concurrent.ConcurrentHashMap.sumCount ()","0.004 ms (0%)","0.004 ms (0%)","0.004 ms (0%)","0.004 ms (0%)","1"
"java.util.zip.ZipUtils.CENEXT (byte[], int)","0.005 ms (0%)","0.004 ms (0%)","0.007 ms (0%)","0.007 ms (0%)","38"
"java.util.zip.ZipUtils.CENCOM (byte[], int)","0.004 ms (0%)","0.004 ms (0%)","0.007 ms (0%)","0.007 ms (0%)","38"
"java.util.ArrayDeque.inc (int, int)","0.004 ms (0%)","0.004 ms (0%)","0.004 ms (0%)","0.004 ms (0%)","78"
"java.util.WeakHashMap.indexFor (int, int)","0.006 ms (0%)","0.004 ms (0%)","0.006 ms (0%)","0.004 ms (0%)","117"
"java.util.zip.CRC32.getValue ()","0.004 ms (0%)","0.004 ms (0%)","0.004 ms (0%)","0.004 ms (0%)","38"
"java.util.zip.ZipUtils.LOCNAM (byte[])","0.004 ms (0%)","0.004 ms (0%)","0.005 ms (0%)","0.005 ms (0%)","39"
"java.net.URLStreamHandler.getDefaultPort ()","0.004 ms (0%)","0.004 ms (0%)","0.004 ms (0%)","0.004 ms (0%)","38"
"java.lang.Class.getReflectionFactory ()","0.004 ms (0%)","0.004 ms (0%)","0.004 ms (0%)","0.004 ms (0%)","6"
"java.nio.Buffer.limit (int)","0.004 ms (0%)","0.004 ms (0%)","0.004 ms (0%)","0.004 ms (0%)","44"
"java.util.zip.ZipFile$Source.getEntryPos (int)","0.003 ms (0%)","0.003 ms (0%)","0.003 ms (0%)","0.003 ms (0%)","39"
"java.util.zip.ZipCoder$UTF8ZipCoder.hasTrailingSlash (byte[], int)","0.003 ms (0%)","0.003 ms (0%)","0.003 ms (0%)","0.003 ms (0%)","38"
"java.util.zip.ZipUtils.CH (byte[], int)","0.004 ms (0%)","0.003 ms (0%)","0.004 ms (0%)","0.003 ms (0%)","38"
"jdk.internal.loader.ClassLoaders.platformClassLoader ()","0.003 ms (0%)","0.003 ms (0%)","0.003 ms (0%)","0.003 ms (0%)","28"
"java.lang.Integer.numberOfLeadingZeros (int)","0.003 ms (0%)","0.003 ms (0%)","0.003 ms (0%)","0.003 ms (0%)","3"
"java.util.zip.ZipFile$Source.getEntryNext (int)","0.002 ms (0%)","0.002 ms (0%)","0.002 ms (0%)","0.002 ms (0%)","35"
"java.lang.ClassLoader.compareCerts (java.security.cert.Certificate[], java.security.cert.Certificate[])","0.003 ms (0%)","0.002 ms (0%)","0.003 ms (0%)","0.002 ms (0%)","36"
"java.lang.reflect.AccessibleObject.setAccessible0 (boolean)","0.002 ms (0%)","0.002 ms (0%)","0.002 ms (0%)","0.002 ms (0%)","6"
"java.lang.Package$VersionInfo.getInstance (String, String, String, String, String, String, java.net.URL)","0.002 ms (0%)","0.002 ms (0%)","0.002 ms (0%)","0.002 ms (0%)","2"
"java.util.jar.JarFile.getManEntry ()","0.001 ms (0%)","0.001 ms (0%)","0.001 ms (0%)","0.001 ms (0%)","1"
"java.util.LinkedHashMap.removeEldestEntry (java.util.Map.Entry)","0.001 ms (0%)","0.001 ms (0%)","0.001 ms (0%)","0.001 ms (0%)","3"
"java.lang.Float.isNaN (float)","0.0 ms (0%)","0.0 ms (0%)","0.0 ms (0%)","0.0 ms (0%)","1"
"java.lang.String.equalsIgnoreCase (String)","0.0 ms (0%)","0.0 ms (0%)","0.0 ms (0%)","0.0 ms (0%)","22"
"sun.net.www.ParseUtil.match (char, long, long)","0.0 ms (0%)","0.0 ms (0%)","0.0 ms (0%)","0.0 ms (0%)","4"
"java.util.jar.Manifest$FastInputStream.peek ()","0.0 ms (0%)","0.0 ms (0%)","0.0 ms (0%)","0.0 ms (0%)","3"
"java.lang.Math.floorMod (int, int)","0.001 ms (0%)","0.0 ms (0%)","0.001 ms (0%)","0.0 ms (0%)","3"
